"business_id","phone_number","name","full_address","latitude","longitude","review_count","rating","timezone","website","place_id","place_link","types","price_level","Sunday","Monday","Tuesday","Wednesday","Thursday","Friday","Saturday","city","verified","photos","state","description"
"0x40307dae1c3304f5:0x2d58273b4d9f7c0f","","Sahil","Sahil, Baku, Azerbaijan","40.3717038","49.8440319","107","4.4","Asia/Baku","http://metro.gov.az/","ChIJ9QQzHK59MEARD3yfTTsnWC0","https://www.google.com/maps/place/data=!3m1!4b1!4m2!3m1!1s0x40307dae1c3304f5:0x2d58273b4d9f7c0f","Subway station","","","","","","","","","Baku, Azerbaijan","true","https://lh5.googleusercontent.com/p/AF1QipPJkc6YDqjhe9pm4xrPOuEl7cqHezcaBXMRxWYo=w203-h135-k-no","",""
"0x40307dbd50990a71:0xa19c1583bb1dac00","","Nizami","Nizami, Badalan mektebin yolu, Aurlu 1009, Azerbaijan","40.379187699999996","49.829814899999995","64","4.4","Asia/Baku","","ChIJcQqZUL19MEARAKwdu4MVnKE","https://www.google.com/maps/place/data=!3m1!4b1!4m2!3m1!1s0x40307dbd50990a71:0xa19c1583bb1dac00","Subway station","","","","","","","","","Aurlu, Azerbaijan","true","https://lh5.googleusercontent.com/p/AF1QipPx9H7SFi8QMOJt-c9wsBV2C5Z7NjEr9mVZniTp=w203-h135-k-no","",""
"0x403087de4c61da59:0xce3bda34107b9086","","Azadlig Prospekti","Azadlig Prospekti, Baku, Azerbaijan","40.4258503","49.8417428","67","4.3","Asia/Baku","","ChIJWdphTN6HMEARhpB7EDTaO84","https://www.google.com/maps/place/data=!3m1!4b1!4m2!3m1!1s0x403087de4c61da59:0xce3bda34107b9086","Subway station","","","","","","","","","Baku, Azerbaijan","true","https://lh5.googleusercontent.com/p/AF1QipNmygfDFHvVBOazKGr1dsfWtS3LliLdz-c66av1=w203-h106-k-no","",""
"0x40307d0a3ea7028d:0xac9d73dbd66392c8","","28 May","28 May, Bak, Azerbaijan","40.379849899999996","49.848574199999995","209","4.4","Asia/Baku","","ChIJjQKnPgp9MEARyJJj1ttznaw","https://www.google.com/maps/place/data=!3m1!4b1!4m2!3m1!1s0x40307d0a3ea7028d:0xac9d73dbd66392c8","Subway station","","","","","","","","","Baku, Azerbaijan","true","https://lh5.googleusercontent.com/p/AF1QipOT24Q0sk-U1vjVmNsZvKZMj5rKr4yNdESz_WCP=w203-h106-k-no","",""
"0x403087c4e4b6d745:0x24ffd92ac6baaf6a","","Nasimi","Nasimi, 203 Svetlana Mammadova, Baku, Azerbaijan","40.4244291","49.8251384","53","4.4","Asia/Baku","","ChIJRde25MSHMEARaq-6xirZ_yQ","https://www.google.com/maps/place/data=!3m1!4b1!4m2!3m1!1s0x403087c4e4b6d745:0x24ffd92ac6baaf6a","Subway station","","","","","","","","","Baku, Azerbaijan","true","https://lh5.googleusercontent.com/p/AF1QipPPJi0z0NyKV3dRLsL37dCNJh7rD9EVG8xg-nX8=w203-h131-k-no","",""
"0x40306357e5b177ef:0x7040e87a3661bcda","+994703559696","Hazi Aslanov","Hazi Aslanov, Baku, Azerbaijan","40.3730492","49.9535013","78","4.3","Asia/Baku","","ChIJ73ex5VdjMEAR2rxhNnroQHA","https://www.google.com/maps/place/data=!3m1!4b1!4m2!3m1!1s0x40306357e5b177ef:0x7040e87a3661bcda","Subway station","","","","","","","","","Baku, Azerbaijan","true","https://lh5.googleusercontent.com/p/AF1QipOjUOqcBXYigsiL__ZiKfcBDX8036q__Qy51NK4=w203-h134-k-no","",""
"0x403062aed9335dc3:0xb4fb9725796b0849","","Bakmil","Bakmil, Alaskar Gayibov St, Baku, Azerbaijan","40.414153999999996","49.878915","36","4.1","Asia/Baku","","ChIJw10z2a5iMEARSQhreSWX-7Q","https://www.google.com/maps/place/data=!3m1!4b1!4m2!3m1!1s0x403062aed9335dc3:0xb4fb9725796b0849","Subway station","","","","","","","","","Baku, Azerbaijan","true","https://lh5.googleusercontent.com/p/AF1QipO9EpihQ8mfnnfTWqU1U4bswbOxNtAoqRi-lEG4=w203-h135-k-no","",""
"0x403087ad9a1cc329:0x854449a140571fe0","","Avtovaghzal","Avtovaghzal, Baku, Azerbaijan","40.421389999999995","49.795049","81","4.4","Asia/Baku","","ChIJKcMcmq2HMEAR4B9XQKFJRIU","https://www.google.com/maps/place/data=!3m1!4b1!4m2!3m1!1s0x403087ad9a1cc329:0x854449a140571fe0","Subway station","","","","","","","","","Baku, Azerbaijan","true","https://lh5.googleusercontent.com/p/AF1QipN9GuQcT_1cR-LdJi1R3mUx2tL3mhUgSKTsJxma=w203-h128-k-no","",""
"0x40307dc987bb6605:0xe3723f7738ae4ea3","","Icherisheher","Icherisheher, Baku, Azerbaijan","40.365949199999996","49.8315999","141","4.8","Asia/Baku","","ChIJBWa7h8l9MEARo06uOHc_cuM","https://www.google.com/maps/place/data=!3m1!4b1!4m2!3m1!1s0x40307dc987bb6605:0xe3723f7738ae4ea3","Subway station","","","","","","","","","Baku, Azerbaijan","true","https://lh5.googleusercontent.com/p/AF1QipMjqDuZpGu2jzK-4mijHuXvrCAyVhrIetnS9bid=w203-h135-k-no","",""
"0x4030630e150b9241:0xde46dce80b8fd0f4","","Khalglar Dostlughu","Khalglar Dostlughu, nazl restaran, Baku, Azerbaijan","40.397645","49.952458","66","4.6","Asia/Baku","","ChIJQZILFQ5jMEAR9NCPC-jcRt4","https://www.google.com/maps/place/data=!3m1!4b1!4m2!3m1!1s0x4030630e150b9241:0xde46dce80b8fd0f4","Subway station","","","","","","","","","Baku, Azerbaijan","true","https://lh5.googleusercontent.com/p/AF1QipMU-sDJd6pCMm2slcVTUxCgJPbDNoM4S3PIG2pD=w203-h135-k-no","",""
"0x40307d5d7587bca7:0x1a5f46126ca333e4","","Ganjlik","Ganjlik, Ataturk avenue, Baku, Azerbaijan","40.4004909","49.851542699999996","124","4.7","Asia/Baku","","ChIJp7yHdV19MEAR5DOjbBJGXxo","https://www.google.com/maps/place/data=!3m1!4b1!4m2!3m1!1s0x40307d5d7587bca7:0x1a5f46126ca333e4","Subway station","","","","","","","","","Baku, Azerbaijan","true","https://lh5.googleusercontent.com/p/AF1QipNiYR-7HBonPbLKFibNJn8ArwoqDMD19M9_ZbLL=w203-h134-k-no","",""
"0x4030628c1756b53b:0x154f5b1e67a7da69","","Koroghlu","Koroghlu, Heydar Aliyev Ave, Baku 1029, Azerbaijan","40.420657","49.918042799999995","56","4.3","Asia/Baku","","ChIJO7VWF4xiMEARadqnZx5bTxU","https://www.google.com/maps/place/data=!3m1!4b1!4m2!3m1!1s0x4030628c1756b53b:0x154f5b1e67a7da69","Subway station","","","","","","","","","Baku, Azerbaijan","true","https://lh5.googleusercontent.com/p/AF1QipPk1McrrjcFcvPBpOWjDJ_q51nJPV6cuqczBxZv=w203-h106-k-no","",""
"0x40306369cfe34af9:0x3e7fea2b8164aff1","","Akhmedli","Akhmedli, Mahammad Hadi, Qarauxur, Azerbaijan","40.3852463","49.9538897","71","4.4","Asia/Baku","","ChIJ-Urjz2ljMEAR8a9kgSvqfz4","https://www.google.com/maps/place/data=!3m1!4b1!4m2!3m1!1s0x40306369cfe34af9:0x3e7fea2b8164aff1","Subway station","","","","","","","","","Qarauxur, Azerbaijan","true","https://lh5.googleusercontent.com/p/AF1QipNtSfFwTFiAUhYR3P6r7e6QWxzzPHDDKSNF-BCT=w203-h106-k-no","",""
"0x40307da78c52e25d:0x77d586d3d6e0cab7","","Jafar Jabbarli","Jafar Jabbarli, Baku, Azerbaijan","40.379554","49.8491991","22","4.1","Asia/Baku","","ChIJXeJSjKd9MEARt8rg1tOG1Xc","https://www.google.com/maps/place/data=!3m1!4b1!4m2!3m1!1s0x40307da78c52e25d:0x77d586d3d6e0cab7","Subway station","","","","","","","","","Baku, Azerbaijan","true","https://lh5.googleusercontent.com/p/AF1QipPzD2hKZh3mle7MqHrk3u7NR8cL7FpdxGVW06oA=w203-h135-k-no","",""
"0x403062bb50fae293:0x2055af934a567416","","Ulduz","Ulduz, Baku, Azerbaijan","40.4148553","49.891437599999996","31","4.2","Asia/Baku","","ChIJk-L6ULtiMEARFnRWSpOvVSA","https://www.google.com/maps/place/data=!3m1!4b1!4m2!3m1!1s0x403062bb50fae293:0x2055af934a567416","Subway station","","","","","","","","","Baku, Azerbaijan","true","https://lh5.googleusercontent.com/p/AF1QipOS_T4z97lyazHVvheoyzSboM3hgcKfg8F91kZm=w203-h135-k-no","",""
"0x40308300264ea4bb:0x139b934e8ea8cd83","","Metro stansiyas Mvqbad","FJ6G+PM Metro stansiyas Mvqbad, Mvqbad, Azerbaijan","40.4618044","49.6267354","","","Asia/Baku","","ChIJu6ROJgCDMEARg82ojk6TmxM","https://www.google.com/maps/place/data=!3m1!4b1!4m2!3m1!1s0x40308300264ea4bb:0x139b934e8ea8cd83","Metropolitan train company","","","","","","","","","Mushvugabad, Azerbaijan","false","","",""
"0x40307d19577c8af5:0x734dcd6876d09cb","","Khatai","Khatai, Baku, Azerbaijan","40.383086","49.871953999999995","64","4.3","Asia/Baku","","ChIJ9Yp8Vxl9MEARywlth9bcNAc","https://www.google.com/maps/place/data=!3m1!4b1!4m2!3m1!1s0x40307d19577c8af5:0x734dcd6876d09cb","Subway station","","","","","","","","","Baku, Azerbaijan","true","https://lh5.googleusercontent.com/p/AF1QipOzFtxO4oAf6Ig4XpM9X2MCAEUv_zZexqC-o4k3=w203-h135-k-no","",""
"0x40308775e2c23e45:0xe69278e1c111464a","","20 Yanvar metro stansiyas (ADHT)","20 Yanvar metro stansiyas (ADHT), Bak, Azerbaijan","40.404368999999996","49.805806","","","Asia/Baku","","ChIJRT7C4nWHMEARSkYRweF4kuY","https://www.google.com/maps/place/data=!3m1!4b1!4m2!3m1!1s0x40308775e2c23e45:0xe69278e1c111464a","Bus stop","","","","","","","","","Baku, Azerbaijan","true","","",""
"0x403087846426ac0f:0x838858a622199e8e","","Nsimi metro stansiyas","CRFF+RMP Nsimi metro stansiyas, Svetlana Mammadova, Baku, Azerbaijan","40.424495199999996","49.8240602","81","4.7","Asia/Baku","","ChIJD6wmZISHMEARjp4ZIqZYiIM","https://www.google.com/maps/place/data=!3m1!4b1!4m2!3m1!1s0x403087846426ac0f:0x838858a622199e8e","Transportation service","","","","","","","","","Baku, Azerbaijan","false","https://lh5.googleusercontent.com/p/AF1QipP7IzLTWzLJagP5a6J8LqgqruqnpgKYSKOvFqkF=w203-h152-k-no","",""
"0x403087ae6c4305c5:0x9735d8619db5697e","","Avtovazal metro stansiyas","Avtovazal metro stansiyas, Bak, Azerbaijan","40.419557","49.797193","1","5","Asia/Baku","","ChIJxQVDbK6HMEARfmm1nWHYNZc","https://www.google.com/maps/place/data=!3m1!4b1!4m2!3m1!1s0x403087ae6c4305c5:0x9735d8619db5697e","Bus stop","","","","","","","","","Baku, Azerbaijan","true","","",""
"0x4030880e562887ef:0xff69cbaac6d22cc9","","Darnagul","Darnagul, Baku, Azerbaijan","40.4253602","49.861895499999996","38","4.4","Asia/Baku","","ChIJ74coVg6IMEARySzSxqrLaf8","https://www.google.com/maps/place/data=!3m1!4b1!4m2!3m1!1s0x4030880e562887ef:0xff69cbaac6d22cc9","Subway station","","","","","","","","","Baku, Azerbaijan","true","https://lh5.googleusercontent.com/p/AF1QipMffOnoU5_cMZ9ulqMX_eWixal22osXvQV7eAHl=w203-h134-k-no","",""
"0x4030880ef56320fd:0xc293e6ef6f34c36f","","Drngl metro stansiyas","Drngl metro stansiyas, Bak, Azerbaijan","40.425565","49.860144","4","4.8","Asia/Baku","","ChIJ_SBj9Q6IMEARb8M0b-_mk8I","https://www.google.com/maps/place/data=!3m1!4b1!4m2!3m1!1s0x4030880ef56320fd:0xc293e6ef6f34c36f","Bus stop","","","","","","","","","Baku, Azerbaijan","true","https://lh5.googleusercontent.com/p/AF1QipOjsQTtWkSpGyeAxMwI2ZKy555be13ZJta5bjkb=w203-h161-k-no","",""
"0x40308776ff7cf23d:0xb1ae9b3a0cea3d84","","20 Yanvar metro stansiyas (Respublika UKX)","20 Yanvar metro stansiyas (Respublika UKX), Bak, Azerbaijan","40.40215","49.80619","","","Asia/Baku","","ChIJPfJ8_3aHMEARhD3qDDqbrrE","https://www.google.com/maps/place/data=!3m1!4b1!4m2!3m1!1s0x40308776ff7cf23d:0xb1ae9b3a0cea3d84","Bus stop","","","","","","","","","Baku, Azerbaijan","true","","",""
"0x4030879833b93bad:0x6cb0d7070169531c","","Memar Ajami","Memar Ajami, Nsimi - Memar cmi, Baku, Azerbaijan","40.41059","49.813623","101","4.3","Asia/Baku","","ChIJrTu5M5iHMEARHFNpAQfXsGw","https://www.google.com/maps/place/data=!3m1!4b1!4m2!3m1!1s0x4030879833b93bad:0x6cb0d7070169531c","Subway station","","","","","","","","","Baku, Azerbaijan","true","https://lh5.googleusercontent.com/p/AF1QipNX8bvcX8x79E-mBOQMBqY4OtqPUsWuC7w6regz=w203-h135-k-no","",""
"0x40307db202e37705:0x806091aae49d1300","","Sahil metro stansiyas","Sahil metro stansiyas, Bak, Azerbaijan","40.370991","49.844457999999996","3","4.7","Asia/Baku","","ChIJBXfjArJ9MEARABOd5KqRYIA","https://www.google.com/maps/place/data=!3m1!4b1!4m2!3m1!1s0x40307db202e37705:0x806091aae49d1300","Bus stop","","","","","","","","","Baku, Azerbaijan","true","https://lh5.googleusercontent.com/p/AF1QipNbdvC1eIkrTY8VLeskTsPMaERusjmfpOGYJbgj=w203-h152-k-no","",""
"0x40307dbd53a26039:0xa03a1a9879723644","","Nizami metro stansiyas","Nizami metro stansiyas, Bak 1009, Azerbaijan","40.379619999999996","49.830324","2","5","Asia/Baku","","ChIJOWCiU719MEARRDZyeZgaOqA","https://www.google.com/maps/place/data=!3m1!4b1!4m2!3m1!1s0x40307dbd53a26039:0xa03a1a9879723644","Bus stop","","","","","","","","","Baku, Azerbaijan","true","https://lh5.googleusercontent.com/p/AF1QipO98k_NKL06IOSCL-3jG0jg9Dy1LHhnDXO6LpQC=w203-h201-k-no","",""
"0x40308776020cd219:0xcbf6784430f75f7f","+994124900000","20 Yanvar","20 Yanvar, Tbilisi prospekti, Baku, Azerbaijan","40.4040114","49.8078115","122","4.3","Asia/Baku","","ChIJGdIMAnaHMEARf1_3MER49ss","https://www.google.com/maps/place/data=!3m1!4b1!4m2!3m1!1s0x40308776020cd219:0xcbf6784430f75f7f","Subway station","","","","","","","","","Baku, Azerbaijan","true","https://lh5.googleusercontent.com/p/AF1QipNHM-LQNUNtJ3G18gO9sAw_Sk2Uk0Ptyp4lmOJx=w203-h134-k-no","",""
"0x4030850057333e7f:0xbdbd7ac0485dd8a8","","liaa Vahid Metro Stansiyas","FQ73+7XM liaa Vahid Metro Stansiyas, Masazr, Azerbaijan","40.462507699999996","49.7556434","","","Asia/Baku","","ChIJfz4zVwCFMEARqNhdSMB6vb0","https://www.google.com/maps/place/data=!3m1!4b1!4m2!3m1!1s0x4030850057333e7f:0xbdbd7ac0485dd8a8","Metropolitan train company","","","","","","","","","Masazir, Azerbaijan","false","","",""
"0x403062ff03ee8f1d:0xa3342a8984e334a4","","Neftchilar","Neftchilar, Qara Qarayev, Azerbaijan","40.4101576","49.9433126","122","4.3","Asia/Baku","","ChIJHY_uA_9iMEARpDTjhIkqNKM","https://www.google.com/maps/place/data=!3m1!4b1!4m2!3m1!1s0x403062ff03ee8f1d:0xa3342a8984e334a4","Subway station","","","","","","","","","Azerbaijan","true","https://lh5.googleusercontent.com/p/AF1QipOHRbiiebsSxC9etKrelR590GGjKbRIMPm7M616=w203-h360-k-no","",""
"0x403063c8b5e78ae1:0xe5c6fc6ddfe9c46e","","hmdli metrostansiyas","9XF3+VF9 hmdli metrostansiyas, hmdli, Mhmmd Hadi, Qarauxur, Azerbaijan","40.374659699999995","49.9537475","3","3.7","Asia/Baku","","ChIJ4YrntchjMEARbsTp3238xuU","https://www.google.com/maps/place/data=!3m1!4b1!4m2!3m1!1s0x403063c8b5e78ae1:0xe5c6fc6ddfe9c46e","Metropolitan train company","","","","","","","","","Qarauxur, Azerbaijan","false","","",""
"0x403062f5e7561af3:0xe5890bcbaea517bf","","Qara Qarayev metro stansiyas","Qara Qarayev metro stansiyas, Azerbaijan","40.417764","49.932148999999995","6","5","Asia/Baku","","ChIJ8xpW5_ViMEARvxelrssLieU","https://www.google.com/maps/place/data=!3m1!4b1!4m2!3m1!1s0x403062f5e7561af3:0xe5890bcbaea517bf","Bus stop","","","","","","","","","Azerbaijan","true","","",""
"0x403086558c0ab2c7:0x48a57d4db8a4b12a","","Khojasan","Khojasan, Baku, Azerbaijan","40.421172","49.778937","16","4.9","Asia/Baku","","ChIJx7IKjFWGMEARKrGkuE19pUg","https://www.google.com/maps/place/data=!3m1!4b1!4m2!3m1!1s0x403086558c0ab2c7:0x48a57d4db8a4b12a","Subway station","","","","","","","","","Baku, Azerbaijan","true","https://lh5.googleusercontent.com/p/AF1QipNPu8DHsFBCkXwfFd_-Qt1-5GgQ5UbvO75zaVli=w203-h134-k-no","",""
"0x40307deaf5e87f99:0x4698951d10ce7122","","Elmlar Akademiyasi","Elmlar Akademiyasi, Firudin Aghayev, Baku, Azerbaijan","40.3750694","49.815097699999995","85","4.2","Asia/Baku","","ChIJmX_o9ep9MEARInHOEB2VmEY","https://www.google.com/maps/place/data=!3m1!4b1!4m2!3m1!1s0x40307deaf5e87f99:0x4698951d10ce7122","Subway station","","","","","","","","","Baku, Azerbaijan","true","https://lh5.googleusercontent.com/p/AF1QipMfhlFVL1gTyw4bG0XxHF1VbNDX2L80Qa6sPeG2=w203-h106-k-no","",""
"0x40307d081b1fb687:0x3e37b3f1d82548c8","","28 May metro stansiyas (DDYX)","28 May metro stansiyas (DDYX), Bak, Azerbaijan","40.37937","49.850749","","","Asia/Baku","","ChIJh7YfGwh9MEARyEgl2PGzNz4","https://www.google.com/maps/place/data=!3m1!4b1!4m2!3m1!1s0x40307d081b1fb687:0x3e37b3f1d82548c8","Bus stop","","","","","","","","","Baku, Azerbaijan","true","https://lh5.googleusercontent.com/p/AF1QipONnfEinGI4Ah0wVRcTnhmY_-Y01fk-69J-_GFz=w203-h135-k-no","",""
"0x40308763c59cee03:0xa34f2c355916ab16","","naatlar","naatlar, Baku, Azerbaijan","40.3902539","49.8026844","78","4.4","Asia/Baku","","ChIJA-6cxWOHMEARFqsWWTUsT6M","https://www.google.com/maps/place/data=!3m1!4b1!4m2!3m1!1s0x40308763c59cee03:0xa34f2c355916ab16","Subway station","","","","","","","","","Baku, Azerbaijan","true","https://lh5.googleusercontent.com/p/AF1QipOCcm8Bfu6tvH_VMabpcM7PvHpgoJZ3uOI83jc1=w203-h134-k-no","",""
"0x403065004ae972fd:0xd5b9a319d77bae6","","Y18 Metro Stansiyas","9XCF+M77 Y18 Metro Stansiyas, Baku, Azerbaijan","40.3716529","49.973187499999995","","","Asia/Baku","","ChIJ_XLpSgBlMEAR5rp3nTGaWw0","https://www.google.com/maps/place/data=!3m1!4b1!4m2!3m1!1s0x403065004ae972fd:0xd5b9a319d77bae6","Transcription service","","","","","","","","","Baku, Azerbaijan","false","","",""
"0x403062ff74c69afb:0x60f1f93fc0998032","","R.Rstmov k. Neftilr metro stansiyas","R.Rstmov k. Neftilr metro stansiyas, Azerbaijan","40.410509","49.944601999999996","1","5","Asia/Baku","","ChIJ-5rGdP9iMEARMoCZwD_58WA","https://www.google.com/maps/place/data=!3m1!4b1!4m2!3m1!1s0x403062ff74c69afb:0x60f1f93fc0998032","Bus stop","","","","","","","","","Azerbaijan","true","https://lh5.googleusercontent.com/p/AF1QipM4oMJOuBDNk4wVBbcCFIZ2OuqqplN_7dar-L7O=w203-h114-k-no","",""
"0x4030630fb013c713:0xbfac60c90dd3294b","","Xalqlar Dostluu metro stansiyas","Xalqlar Dostluu metro stansiyas, Bak, Azerbaijan","40.398877999999996","49.951308","","","Asia/Baku","","ChIJE8cTsA9jMEARSynTDclgrL8","https://www.google.com/maps/place/data=!3m1!4b1!4m2!3m1!1s0x4030630fb013c713:0xbfac60c90dd3294b","Bus stop","","","","","","","","","Baku, Azerbaijan","true","","",""
"0x4030879d93ad618d:0xf5062139e03ccdb1","","20 Yanvar metro stansiyas (AVF)","20 Yanvar metro stansiyas (AVF), Bak, Azerbaijan","40.404159","49.808958","9","4.3","Asia/Baku","","ChIJjWGtk52HMEARsc084DkhBvU","https://www.google.com/maps/place/data=!3m1!4b1!4m2!3m1!1s0x4030879d93ad618d:0xf5062139e03ccdb1","Bus stop","","","","","","","","","Baku, Azerbaijan","true","","",""
"0x403087de34c21de1:0x283095de8805d6b6","","Azadlq metro stansiyas","Azadlq metro stansiyas, Bak, Azerbaijan","40.425224","49.841811","12","4.3","Asia/Baku","","ChIJ4R3CNN6HMEARttYFiN6VMCg","https://www.google.com/maps/place/data=!3m1!4b1!4m2!3m1!1s0x403087de34c21de1:0x283095de8805d6b6","Bus stop","","","","","","","","","Baku, Azerbaijan","true","","",""
"0x40307d4ee9253a65:0x29160f1a81905e71","","Nariman Narimanov","Nariman Narimanov, Baku, Azerbaijan","40.4028298","49.870679599999995","136","4.4","Asia/Baku","","ChIJZTol6U59MEARcV6QgRoPFik","https://www.google.com/maps/place/data=!3m1!4b1!4m2!3m1!1s0x40307d4ee9253a65:0x29160f1a81905e71","Subway station","","","","","","","","","Baku, Azerbaijan","true","https://lh5.googleusercontent.com/p/AF1QipM1O-2C9ajfrgDOFeuZXmksUh9oboA5-9JWMYjk=w203-h135-k-no","",""
"0x403087ad9a234cc9:0x260ee69f01d038bc","","Avtovazal metro stansiyas","CQCW+H2C Avtovazal metro stansiyas, Baku, Azerbaijan","40.4214316","49.795027999999995","342","4.4","Asia/Baku","http://metro.gov.az/","ChIJyUwjmq2HMEARvDjQAZ_mDiY","https://www.google.com/maps/place/data=!3m1!4b1!4m2!3m1!1s0x403087ad9a234cc9:0x260ee69f01d038bc","Transportation service","","6AM12AM","6AM12AM","6AM12AM","6AM12AM","6AM12AM","6AM12AM","6AM12AM","Baku, Azerbaijan","false","https://lh5.googleusercontent.com/p/AF1QipOyTNFAcAtkq-VbfO67rD33NKV7tXyqcUKniEsc=w203-h125-k-no","Closes soon  12AM  Opens 6AM Mon",""
"0x40306369e9786e6f:0x7e0fd1f89f4d6e68","","hmdli metro stansiyas hmdli qsbsi","hmdli metro stansiyas hmdli qsbsi, Bak, Azerbaijan","40.385743","49.9532379","","","Asia/Baku","","ChIJb2546WljMEARaG5Nn_jRD34","https://www.google.com/maps/place/data=!3m1!4b1!4m2!3m1!1s0x40306369e9786e6f:0x7e0fd1f89f4d6e68","Bus stop","","","","","","","","","Baku, Azerbaijan","true","","",""
"0x40307d092677e165:0x6c1e5da0b5397d38","","Baku","Baku, Khatai Ave, Baku, Azerbaijan","40.3807723","49.8501694","171","4.3","Asia/Baku","http://www.addy.gov.az/index/az/","ChIJZeF3Jgl9MEAROH05taBdHmw","https://www.google.com/maps/place/data=!3m1!4b1!4m2!3m1!1s0x40307d092677e165:0x6c1e5da0b5397d38","Train station","","","","","","","","","Baku, Azerbaijan","true","https://lh5.googleusercontent.com/p/AF1QipObmFVm4TMirnhJe__CyzYpgsLLV6JtzwmOG3w9=w203-h129-k-no","",""
"0x40306369eaa93fa7:0x874f1a33aab8435e","","hmdli metro stansiyas","hmdli metro stansiyas, Bak, Azerbaijan","40.385805999999995","49.953731","1","5","Asia/Baku","","ChIJpz-p6mljMEARXkO4qjMaT4c","https://www.google.com/maps/place/data=!3m1!4b1!4m2!3m1!1s0x40306369eaa93fa7:0x874f1a33aab8435e","Bus stop","","","","","","","","","Baku, Azerbaijan","true","https://lh5.googleusercontent.com/p/AF1QipOxrI3paS0RXDy0uLg3xvHD_Y8B7jnhrmrUwtfg=w203-h152-k-no","",""
"0x40307d847a2790ab:0x978b857bfef04def","","Yeni metro","9RRH+X8V Yeni metro, Jalil Mammadguluzadeh, Baku, Azerbaijan","40.39257","49.8286643","9","2.7","Asia/Baku","","ChIJq5AneoR9MEAR703w_nuFi5c","https://www.google.com/maps/place/data=!3m1!4b1!4m2!3m1!1s0x40307d847a2790ab:0x978b857bfef04def","Transportation service","","6AM12AM","6AM12AM","6AM12AM","6AM12AM","6AM12AM","6AM12AM","6AM12AM","Baku, Azerbaijan","false","","Closes soon  12AM  Opens 6AM Mon",""
"0x40307d0a3cac63f5:0x699a37e05f82385a","","Baku Metropolitan CJSC","Baku Metropolitan CJSC, Baku, Azerbaijan","40.382658","49.846931","5","3.6","Asia/Baku","","ChIJ9WOsPAp9MEARWjiCX-A3mmk","https://www.google.com/maps/place/data=!3m1!4b1!4m2!3m1!1s0x40307d0a3cac63f5:0x699a37e05f82385a","Bus stop","","","","","","","","","Baku, Azerbaijan","true","https://lh5.googleusercontent.com/p/AF1QipO4Fa3wiQ1bzBHaYDsaOjt6-MNzjxvM-uCjMi0x=w203-h130-k-no","",""
"0x40306215f6e9539b:0xc1135f70cb1ee999","","Bakxanov Dmiryol Stansiyas","Bakxanov Dmiryol Stansiyas, Azerbaijan","40.4321688","49.9552747","","","Asia/Baku","","ChIJm1Pp9hViMEARmekey3BfE8E","https://www.google.com/maps/place/data=!3m1!4b1!4m2!3m1!1s0x40306215f6e9539b:0xc1135f70cb1ee999","Transport interchange","","","","","","","","","Azerbaijan","true","","",""
"0x4030877607561b57:0x84e994cced5bede5","","20 Yanvar metro stansiyas (Azrsu ASC)","20 Yanvar metro stansiyas (Azrsu ASC), Bak, Azerbaijan","40.404475999999995","49.8063059","","","Asia/Baku","","ChIJVxtWB3aHMEAR5e1b7cyU6YQ","https://www.google.com/maps/place/data=!3m1!4b1!4m2!3m1!1s0x4030877607561b57:0x84e994cced5bede5","Bus stop","","","","","","","","","Baku, Azerbaijan","true","","",""
"0x40307d4f1fef413b:0x7f300770d9c7b22d","","Baku Electronics","Baku Electronics, Baku, Azerbaijan","40.403058","49.8706129","8","4.3","Asia/Baku","","ChIJO0HvH099MEARLbLH2XAHMH8","https://www.google.com/maps/place/data=!3m1!4b1!4m2!3m1!1s0x40307d4f1fef413b:0x7f300770d9c7b22d","Bus stop","","","","","","","","","Baku, Azerbaijan","true","https://lh5.googleusercontent.com/p/AF1QipPK44_ypaG0H37jdFAepQM8aoRY44WiZXhE_Y-6=w203-h152-k-no","",""
"0x40307dcbd01ae8eb:0xdfde1f2154d1be0e","","ri hr metro stansiyas","ri hr metro stansiyas, Bak, Azerbaijan","40.364993","49.831126999999995","2","4","Asia/Baku","","ChIJ6-ga0Mt9MEARDr7RVCEf3t8","https://www.google.com/maps/place/data=!3m1!4b1!4m2!3m1!1s0x40307dcbd01ae8eb:0xdfde1f2154d1be0e","Bus stop","","","","","","","","","Baku, Azerbaijan","true","https://lh5.googleusercontent.com/p/AF1QipPKfV6CZR_n4DfoPdh4Vqq7v8BoS-JzgvE148U=w203-h270-k-no","",""
"0x40307d67e9cbcbaf:0x8a5f95e8b45dc158","","Gnclik metro stansiyas Gnclik Mall","Gnclik metro stansiyas Gnclik Mall, Bak, Azerbaijan","40.39931","49.8511369","1","5","Asia/Baku","","ChIJr8vL6Wd9MEARWMFdtOiVX4o","https://www.google.com/maps/place/data=!3m1!4b1!4m2!3m1!1s0x40307d67e9cbcbaf:0x8a5f95e8b45dc158","Bus stop","","","","","","","","","Baku, Azerbaijan","true","","",""
"0x403062f61b5e3233:0xe98079c59b26cda5","","Gara Garayev","Gara Garayev, Azerbaijan","40.417588699999996","49.934182","47","4.4","Asia/Baku","","ChIJMzJeG_ZiMEARpc0mm8V5gOk","https://www.google.com/maps/place/data=!3m1!4b1!4m2!3m1!1s0x403062f61b5e3233:0xe98079c59b26cda5","Subway station","","","","","","","","","Azerbaijan","true","https://lh5.googleusercontent.com/p/AF1QipOTXC2sUctUmFKZl_RySwiXJc_siAnXNiPGRL7i=w203-h106-k-no","",""
"0x40307d19542065e1:0x670932b7a0a230c4","","Xtai metro stansiyas","Xtai metro stansiyas, Bak, Azerbaijan","40.383002","49.8722571","5","4.6","Asia/Baku","","ChIJ4WUgVBl9MEARxDCioLcyCWc","https://www.google.com/maps/place/data=!3m1!4b1!4m2!3m1!1s0x40307d19542065e1:0x670932b7a0a230c4","Bus stop","","","","","","","","","Baku, Azerbaijan","true","","",""
"0x403062ff336cdb3f:0x5c55032831127d72","","Neftilr metro stansiyas (214 sayl mktb)","Neftilr metro stansiyas (214 sayl mktb), Azerbaijan","40.411564999999996","49.94198","","","Asia/Baku","","ChIJP9tsM_9iMEARcn0SMSgDVVw","https://www.google.com/maps/place/data=!3m1!4b1!4m2!3m1!1s0x403062ff336cdb3f:0x5c55032831127d72","Bus stop","","","","","","","","","Azerbaijan","true","","",""
"0x403087764dfc378f:0x50540c897dc2dcc8","","20 Yanvar metro stansiyas (Azrenerji E)","20 Yanvar metro stansiyas (Azrenerji E), Bak, Azerbaijan","40.402518","49.806805999999995","1","3","Asia/Baku","","ChIJjzf8TXaHMEARyNzCfYkMVFA","https://www.google.com/maps/place/data=!3m1!4b1!4m2!3m1!1s0x403087764dfc378f:0x50540c897dc2dcc8","Bus stop","","","","","","","","","Baku, Azerbaijan","true","","",""
"0x403087977e1937c1:0xf632ba843345e3a3","","Memar cmi metro stansiyas","Memar cmi metro stansiyas, Bak, Azerbaijan","40.410509999999995","49.815453","4","4","Asia/Baku","","ChIJwTcZfpeHMEARo-NFM4S6MvY","https://www.google.com/maps/place/data=!3m1!4b1!4m2!3m1!1s0x403087977e1937c1:0xf632ba843345e3a3","Bus stop","","","","","","","","","Baku, Azerbaijan","true","","",""
"0x403064a8219b0355:0xe53b89f7418741ee","","Hzi Aslanov metro stansiyas","Hzi Aslanov metro stansiyas, Bak, Azerbaijan","40.37198","49.9536679","7","5","Asia/Baku","","ChIJVQObIahkMEAR7kGHQfeJO-U","https://www.google.com/maps/place/data=!3m1!4b1!4m2!3m1!1s0x403064a8219b0355:0xe53b89f7418741ee","Bus stop","","","","","","","","","Baku, Azerbaijan","true","https://lh5.googleusercontent.com/p/AF1QipMWiJVy6Y7s2AOT3pFuz3831hi7HFlEgJHc3RBH=w203-h134-k-no","",""
"0x403062fe499957dd:0x4199d7b2730bf75f","","Nizami District Executive Power","Nizami District Executive Power, Azerbaijan","40.408991","49.9438999","4","4","Asia/Baku","","ChIJ3VeZSf5iMEARX_cLc7LXmUE","https://www.google.com/maps/place/data=!3m1!4b1!4m2!3m1!1s0x403062fe499957dd:0x4199d7b2730bf75f","Bus stop","","","","","","","","","Azerbaijan","true","https://lh5.googleusercontent.com/p/AF1QipMlENmMS5DMowRUc0O6W7H4igJKW1-HDIUf6vny=w203-h270-k-no","",""
"0x40307d5d743ad6ff:0xc66ed37bcc509c72","","Gnclik metro stansiyas Atatrk prospekti","Gnclik metro stansiyas Atatrk prospekti, Bak, Azerbaijan","40.40116","49.852033999999996","1","5","Asia/Baku","","ChIJ_9Y6dF19MEARcpxQzHvTbsY","https://www.google.com/maps/place/data=!3m1!4b1!4m2!3m1!1s0x40307d5d743ad6ff:0xc66ed37bcc509c72","Bus stop","","","","","","","","","Baku, Azerbaijan","true","https://lh5.googleusercontent.com/p/AF1QipPTlHQ3TaLAKYf_nHaq236mv2rsEP9eknq0hr2S=w203-h451-k-no","",""
"0x40307dea5b943d51:0x2636058d56be35a4","+994124900000","Elmlr Akademiyas Metro Stansiyas","9RF7+XQJ Elmlr Akademiyas Metro Stansiyas, Baku, Azerbaijan","40.3749677","49.814383799999995","921","4.5","Asia/Baku","http://metro.gov.az/","ChIJUT2UW-p9MEARpDW-Vo0FNiY","https://www.google.com/maps/place/data=!3m1!4b1!4m2!3m1!1s0x40307dea5b943d51:0x2636058d56be35a4","Transportation service","","","","","","","","","Baku, Azerbaijan","false","https://lh5.googleusercontent.com/p/AF1QipOmX9dV3NrJB5Mkl0zvQmNQSLSBgPgE-YpjhE0v=w203-h270-k-no","",""
"0x40308761dddcba95:0x9d42bcd1176a77c7","","naatlar metro stansiyas","naatlar metro stansiyas, Bak, Azerbaijan","40.388729","49.803160999999996","12","4.3","Asia/Baku","","ChIJlbrc3WGHMEARx3dqF9G8Qp0","https://www.google.com/maps/place/data=!3m1!4b1!4m2!3m1!1s0x40308761dddcba95:0x9d42bcd1176a77c7","Bus stop","","","","","","","","","Baku, Azerbaijan","true","","",""
"0x40307dea8b8777ab:0x508b2567eeef43ed","","Elmlr Akademiyas metro stansiyas","Elmlr Akademiyas metro stansiyas, Bak, Azerbaijan","40.374973","49.815722","3","3.7","Asia/Baku","","ChIJq3eHi-p9MEAR7UPv7mcli1A","https://www.google.com/maps/place/data=!3m1!4b1!4m2!3m1!1s0x40307dea8b8777ab:0x508b2567eeef43ed","Bus stop","","","","","","","","","Baku, Azerbaijan","true","","",""
"0x40307d081046fbdd:0xe2c2290261f21186","","28 May metrostansiyas","28 May metrostansiyas, Bak, Azerbaijan","40.379494","49.85104","6","4.3","Asia/Baku","","ChIJ3ftGEAh9MEARhhHyYQIpwuI","https://www.google.com/maps/place/data=!3m1!4b1!4m2!3m1!1s0x40307d081046fbdd:0xe2c2290261f21186","Bus stop","","","","","","","","","Baku, Azerbaijan","true","https://lh5.googleusercontent.com/p/AF1QipOEQy8AfvxfRiW59u1gf2lKFxrcwqAitbNFm75t=w203-h152-k-no","",""
"0x40307dbd31aae103:0x6c8db240909caa","","A hr metrostansiyas","A hr metrostansiyas, yaay kompleksi, Bak, Azerbaijan","40.378924999999995","49.890640999999995","6","5","Asia/Baku","","ChIJA-GqMb19MEARqpyQQLKNbAA","https://www.google.com/maps/place/data=!3m1!4b1!4m2!3m1!1s0x40307dbd31aae103:0x6c8db240909caa","Metropolitan train company","","6AM12AM","6AM12AM","6AM12AM","6AM12AM","6AM12AM","6AM12AM","6AM12AM","Baku, Azerbaijan","false","","Closes soon  12AM  Opens 6AM Mon",""
"0x403062f595bc03ef:0xbfc88a1e8ba9f055","","Qara Qarayev m/st (Tbriz kinoteatr)","Qara Qarayev m/st (Tbriz kinoteatr), Azerbaijan","40.418458","49.931143","","","Asia/Baku","","ChIJ7wO8lfViMEARVfCpix6KyL8","https://www.google.com/maps/place/data=!3m1!4b1!4m2!3m1!1s0x403062f595bc03ef:0xbfc88a1e8ba9f055","Bus stop","","","","","","","","","Azerbaijan","true","","",""
"0x40306215fc9b3aed:0xf530d1c42965090f","","Bakikhanov Station","Bakikhanov Station, Azerbaijan","40.432590999999995","49.955591999999996","3","2.3","Asia/Baku","","ChIJ7Tqb_BViMEARDwllKcTRMPU","https://www.google.com/maps/place/data=!3m1!4b1!4m2!3m1!1s0x40306215fc9b3aed:0xf530d1c42965090f","Bus station","","","","","","","","","Azerbaijan","true","https://lh5.googleusercontent.com/p/AF1QipOaldqwxOG2IC_Db1i3kkgi3wq4qEeJIZ6-vn_c=w203-h270-k-no","",""
"0x40307d6786e8f117:0xfab3d10db970de02","","Gnclik metro stansiyas","Gnclik metro stansiyas, Bak, Azerbaijan","40.400507","49.850933","4","4.5","Asia/Baku","","ChIJF_Hohmd9MEARAt5wuQ3Rs_o","https://www.google.com/maps/place/data=!3m1!4b1!4m2!3m1!1s0x40307d6786e8f117:0xfab3d10db970de02","Bus stop","","","","","","","","","Baku, Azerbaijan","true","https://lh5.googleusercontent.com/p/AF1QipPkGzG84oUxMuCMKVyYNKdGGMSdcPtVrT3Nu2vq=w203-h270-k-no","",""
"0x403a802aca45d0e5:0x4f124cd7f529b7dd","","Lokbatan","Lokbatan, Azerbaijan","40.317548599999995","49.7276326","21","4.2","Asia/Baku","","ChIJ5dBFyiqAOkAR3bcp9ddMEk8","https://www.google.com/maps/place/data=!3m1!4b1!4m2!3m1!1s0x403a802aca45d0e5:0x4f124cd7f529b7dd","Train station","","","","","","","","","Azerbaijan","true","https://lh5.googleusercontent.com/p/AF1QipMZw0re_o1iNDj8rYa-jxbEv5CwEJULrrWIhTEw=w203-h152-k-no","",""
"0x40307d8e0562e8bb:0xce282a4ac9553480","","Nriman Nrimanov stansiyas","9VQG+QX5 Nriman Nrimanov stansiyas, Nrimanov Stansiyas, Bak, Azerbaijan","40.389376","49.877499099999994","25","4.6","Asia/Baku","","ChIJu-hiBY59MEARgDRVyUoqKM4","https://www.google.com/maps/place/data=!3m1!4b1!4m2!3m1!1s0x40307d8e0562e8bb:0xce282a4ac9553480","Railway services","","","","","","","","","Baku, Azerbaijan","false","https://lh5.googleusercontent.com/p/AF1QipPzSkHrq-DBX3WOnkGBbUjVkIcmAi3BJqaZHlsF=w203-h152-k-no","",""
"0x403087840abc73d9:0x2cb9e554d3f5648b","","8 Noyabr","8 Noyabr, Baku, Azerbaijan","40.401874","49.8208871","31","4.6","Asia/Baku","","ChIJ2XO8CoSHMEARi2T101TluSw","https://www.google.com/maps/place/data=!3m1!4b1!4m2!3m1!1s0x403087840abc73d9:0x2cb9e554d3f5648b","Subway station","","","","","","","","","Baku, Azerbaijan","true","https://lh5.googleusercontent.com/p/AF1QipM3c87nOEk0hILQB5WeTDAr_VTO3wmM0B6CA6D3=w203-h138-k-no","",""
"0x403085d6410fb685:0x8f6d3f715c98d1cd","","Khirdalan","Khirdalan, seheri heyder, Xirdalan, Heydar Aliyev Ave, Baku, Azerbaijan","40.4457531","49.7481199","38","4.2","Asia/Baku","","ChIJhbYPQdaFMEARzdGYXHE_bY8","https://www.google.com/maps/place/data=!3m1!4b1!4m2!3m1!1s0x403085d6410fb685:0x8f6d3f715c98d1cd","Train station","","","","","","","","","Baku, Azerbaijan","true","https://lh5.googleusercontent.com/p/AF1QipPUgL5kE5VdGnfv07a9GZbhmrvryg1sBvrDDT9w=w203-h152-k-no","",""
"0x40307d6b66f4e8bb:0xf9974561a251d4a5","","""28 May"" metro station","""28 May"" metro station, Baku 1009, Azerbaijan","40.382611499999996","49.846795199999995","554","4.4","Asia/Baku","","ChIJu-j0Zmt9MEARpdRRomFFl_k","https://www.google.com/maps/place/data=!3m1!4b1!4m2!3m1!1s0x40307d6b66f4e8bb:0xf9974561a251d4a5","Transcription service","","6AM12AM","6AM12AM","6AM12AM","6AM12AM","6AM12AM","6AM12AM","6AM12AM","Baku, Azerbaijan","true","https://lh5.googleusercontent.com/p/AF1QipO3yoKy-5SNPF5DAB7uZvqLk8uZZhGuJGASw7IC=w203-h152-k-no","Closes soon  12AM  Opens 6AM Mon",""